PostID;Author;AuthorRegistrationTime;AuthorID;AuthorPhone
0;gold_net;2007-12-12 08:40:54;951405199501172335;19920156699
1;international_welcome;2004-04-17 09:42:37;786906199204277444;13439473903
2;wonderful_positive;2008-10-25 21:35:08;843621200010252341;18771534871
3;material_start;2016-09-26 06:41:16;906115196805179868;19953707455
4;acceptable_camp;2008-07-07 23:21:05;186180198803257297;17691436667
5;fit_method;2006-05-24 19:46:02;268438196005088720;18373228462
6;money_introduction;2005-01-10 10:37:28;630755197904109723;15510060852
7;whole_plan;2003-07-23 21:45:17;792232198411283992;19976169188
8;separate_error;2019-04-08 22:03:21;868565198106173524;13553629812
9;either_recommendation;2006-05-24 05:24:00;897099198707134169;13599833785
10;savings_quiet;2021-11-25 12:38:22;242665196611014562;13223508625
11;whole_walk;2013-11-20 01:28:51;750371196106109922;18656686388
12;patient_court;2005-03-09 22:50:26;673325199304087910;17149966691
13;prior_application;2005-06-15 22:11:35;525386200012076379;14786831896
14;creative_hat;2021-11-02 15:10:15;102053196407095853;18288072303
15;dear_nobody;2004-11-02 07:33:03;979077198305194074;13786047334
16;little_satisfaction;2009-05-06 14:05:00;430528196811215955;13976780768
17;similar_camp;2014-07-29 21:58:27;466781197210276259;17150951311
18;civil_quote;2005-01-07 19:47:25;720963196710179916;15243049474
19;scared_distance;2005-03-19 09:22:55;973470199406073921;18933085636
20;massive_love;2020-12-21 17:13:37;647761198512149945;13470303832
21;east_kill;2014-11-12 19:28:31;51653619691012865X;13495707282
22;various_membership;2014-01-02 04:06:44;168804198101096628;15114892383
23;false_turn;2013-11-12 14:26:58;993716198710224381;17029631330
24;dark_professor;2012-10-03 14:42:00;670688197112212158;15039825366
25;alive_revenue;2013-09-20 16:37:01;362569199604245726;15998052917
26;pregnant_draft;2019-01-01 02:53:22;602898197103178640;18142703065
27;period_steak;2022-09-30 05:26:29;272375197607035447;13252614160
28;wine_interest;2000-08-18 13:35:57;379151200003126420;15778987019
29;drunk_marketing;2016-03-25 20:26:36;625113198905014081;18993775950
30;glass_border;2004-02-19 21:32:22;307754199211261872;17674172150
31;ideal_instruction;2010-09-16 22:33:59;940165197511233996;13699403524
32;some_yellow;2003-06-23 21:08:04;921843197112288129;13952154447
33;gross_driver;2012-05-07 20:19:30;178680196702085682;15639193086
34;novel_parent;2005-12-30 06:16:07;931277198003106178;18199414450
35;general_responsibility;2013-11-01 13:17:06;588155198410157391;18494368119
36;spare_mortgage;2016-12-15 20:23:57;464748199402166784;16613498654
37;plenty_success;2017-05-25 22:44:38;829430197807142660;17388834955
38;straight_wrap;2015-02-12 07:34:18;889055198004118350;15531463494
39;effective_language;2012-01-15 15:34:13;694067198406181446;16645952769
40;embarrassed_guitar;2010-08-24 15:03:48;154877196111232324;13322606476
41;pure_area;2001-06-22 22:04:28;660200197302245325;17077737277
42;super_skin;2003-11-07 01:22:16;576601196811222436;17849172677
43;electrical_mom;2017-03-06 11:48:07;477094198212144314;13367135499
44;electrical_gene;2011-02-14 04:27:29;80211019650113248X;15172729788
45;true_employ;2002-03-15 06:23:14;409278196309259549;18075474940
46;yellow_cow;2015-01-22 22:51:31;391575196610249561;15534254393
47;young_contribution;2018-11-06 19:14:19;343617196407253885;13759741835
48;general_community;2010-12-21 11:25:41;413266197412077343;17693447983
49;better_outside;2007-05-15 02:51:08;408655196301028486;15639631696
50;maximum_salt;2008-07-25 17:42:52;360969196606287723;18611254982
51;this_minute;2014-08-16 20:46:58;48167019671021429X;15837916792
52;sorry_hell;2005-09-24 07:43:11;780254196401116408;15120077236
53;red_maximum;2000-02-08 14:47:01;542655196203066257;17885327949
54;previous_swing;2014-07-24 11:58:37;863623196912053664;15882672738
55;unique_solution;2022-02-28 23:15:02;141996199507263876;15584679372
56;white_lock;2021-09-21 08:04:04;898460196403054707;14710509673
57;exciting_gather;2002-05-12 13:06:15;374371199510175450;18586623307
58;silly_handle;2010-07-07 14:56:15;206579197903205313;18316385670
59;objective_meaning;2022-11-18 01:49:53;455950196204117998;18157864207
60;fresh_press;2009-03-15 08:57:40;123862198205305318;13032552842
61;junior_anger;2012-11-11 22:48:03;907246196607152737;18845214484
62;personal_dear;2014-09-14 09:12:19;270254199311241508;15942418484
63;illegal_key;2020-11-19 12:10:36;80489319961225277X;13527627388
64;helpful_understanding;2009-05-27 16:19:11;93578919971015265X;13959284817
65;dear_pressure;2007-01-23 12:14:17;146574197407224998;18058747749
66;financial_refrigerator;2012-10-21 04:03:50;45243319991015454X;13124903476
67;plenty_inspector;2021-05-31 07:40:42;215584199308177208;13286585471
68;super_way;2016-01-03 20:08:30;629087198307057172;13179359758
69;psychological_theme;2011-10-30 20:36:23;23932819901020239X;15856656739
70;these_standard;2000-06-12 23:25:16;842726196002034421;14797740191
71;sad_interview;2020-04-15 15:06:37;371443197507065988;16660662952
72;feeling_maintenance;2014-01-26 20:15:40;527580196902069758;13513470157
73;particular_farmer;2015-09-12 23:18:37;594747199803285787;13574161338
74;dead_wrap;2013-03-09 17:58:09;406313199607249902;13937365451
75;physical_classroom;2007-09-29 08:01:43;82447919900813240X;18515738074
76;realistic_press;2018-09-19 15:46:30;575253198205305533;18917686637
77;frequent_revenue;2016-12-09 21:10:57;233047198610123444;18332050509
78;weird_blue;2017-02-15 01:39:35;119107198608223801;13639581135
79;beginning_wood;2000-07-24 19:17:24;115096197203197494;17767964066
80;weak_profit;2008-12-21 21:31:59;539199198802079597;15394854598
81;spiritual_wonder;2018-11-26 15:30:08;479129198709141928;17123471089
82;sorry_judgment;2005-02-15 05:38:15;980492198809103083;15747755643
83;first_skirt;2007-11-18 03:27:42;395174198909258264;18012591831
84;extra_variation;2008-08-07 16:07:48;191173196706086945;15063253040
85;usual_inspection;2019-01-28 04:51:57;709356199209202571;17827754160
86;male_second;2007-01-23 12:09:39;188389197202225666;17330365955
87;relative_engineering;2005-05-26 21:22:47;684021199801261087;13230024167
88;remote_cap;2008-08-16 23:47:28;488167198511134131;18745790319
89;rich_surround;2002-09-10 05:58:53;698076198603165146;17367745563
90;administrative_son;2009-11-18 09:20:23;648027198810172713;18340458522
91;unfair_key;2021-03-29 21:21:02;730910197302137374;18038538821
92;powerful_kid;2009-11-30 13:08:50;852794196603302274;15327761576
93;mother_instance;2000-04-28 00:52:34;393185199705267865;17148407197
94;budget_expression;2020-11-16 10:01:42;801392198610229620;19991013362
95;material_choice;2004-09-03 02:22:45;600635198005018877;13990479588
96;future_draw;2011-02-24 03:56:34;223336199404182996;13811769372
97;massive_emergency;2021-11-17 17:17:09;893441198211046329;16691547214
98;narrow_cry;2017-08-15 03:10:01;798567197907046509;15624575934
99;work_office;2007-05-15 14:58:00;276133198501248106;15293300122
100;many_clock;2006-12-21 16:33:14;516429198003148569;15565211808
101;square_essay;2004-01-17 11:17:25;223293198809187493;18383304410
102;only_major;2006-12-10 22:18:05;557294196704206341;13372157479
103;signal_protection;2002-03-07 19:45:42;143229196403126404;17025030009
104;shot_tea;2017-09-01 07:22:35;35087719850403230X;13181841068
105;common_engine;2018-12-01 21:41:40;299202198506255548;18236915022
106;environmental_calendar;2013-07-06 23:50:39;101688199304255039;15286310014
107;substantial_professor;2001-04-27 13:09:50;496079199804269472;18942249917
108;slow_communication;2021-01-09 02:58:32;385492198708176171;18744330124
109;unfair_pick;2010-09-30 12:09:40;203631197008021324;15125729009
110;drunk_policy;2015-11-13 20:36:08;178324197010177102;15150886438
111;tight_horror;2015-05-15 11:09:46;335793199911258437;13978626053
112;famous_medicine;2015-01-25 10:11:00;55747119610611278X;17666051922
113;weak_boat;2012-07-04 09:17:30;634719196901204585;15210505679
114;brown_future;2012-10-10 22:14:46;214166198007193917;15041135069
115;working_phone;2017-06-18 09:50:44;19939519990604378X;15667090395
116;raw_visit;2003-07-13 06:07:41;748332196005097791;18566911008
117;money_food;2018-10-25 18:25:22;208156196202016879;17724901724
118;female_category;2011-02-02 18:26:07;283435199611087406;13573715106
119;mean_scheme;2022-11-23 18:39:32;651371197805259585;15359501346
120;open_project;2022-04-09 18:29:20;186917200003206490;13177085287
121;independent_pair;2017-11-22 12:12:46;575839196301057206;18364674100
122;dependent_creative;2020-04-01 04:12:20;756354199105261108;13253568345
123;original_jump;2006-04-06 05:41:52;643761198501281146;15066256482
124;personal_size;2015-07-18 01:13:54;159199198302103684;15958893155
125;perfect_brain;2002-02-11 20:47:22;906506196504256087;18584973167
126;sure_advantage;2017-01-04 01:28:42;230419199903115569;14722701749
127;unhappy_act;2012-12-25 20:29:02;725944199110059995;15930219554
128;short_strip;2002-04-30 11:20:33;960446198704268322;17748514066
129;famous_art;2002-03-15 15:59:03;337117199308162900;13247317034
130;sweet_wood;2018-01-26 02:40:56;269348198705181026;15926380504
131;scared_friend;2017-05-01 17:14:11;342582198408089351;18298542140
132;ugly_revenue;2010-12-17 20:36:04;933269197506186736;18893401501
133;minimum_temperature;2022-03-01 11:30:59;568029196102215296;18617288234
134;mental_performance;2013-05-12 05:22:21;377410197907118338;13818995573
135;desperate_description;2021-10-16 16:51:11;219609198007302655;13035673292
136;dramatic_message;2008-05-07 22:50:25;341750199402102096;19967318218
137;individual_she;2017-08-02 04:53:16;374246199510104140;18344762393
138;stupid_luck;2015-04-16 22:53:31;823389197301061994;15765889014
139;game_personal;2005-07-30 20:30:29;917905199709109285;13640473021
140;glass_solution;2010-12-25 22:12:33;478685200003228922;17822012089
141;human_worry;2009-01-24 06:36:10;412497198812028021;13322857198
142;upset_will;2017-05-12 02:07:29;485075197607022836;18240150052
143;useful_pie;2009-03-11 11:19:46;942879198208131754;13686387553
144;money_grab;2014-04-11 01:37:16;468228199107041103;13825200512
145;equivalent_reflection;2021-02-13 23:30:24;768104199702137251;18534924796
146;grand_cancel;2020-09-17 00:36:01;640185199708125378;15121572705
147;independent_member;2000-05-23 12:44:28;260535197006219538;17197023098
148;loud_leather;2022-01-13 18:20:31;807298197609184596;15234261585
149;nice_yard;2015-07-12 19:28:44;187914198312267459;15357211228
150;south_stroke;2003-07-01 18:23:46;194016197906131303;17678994906
151;sudden_royal;2011-09-08 19:04:33;689141197012223922;13322097423
152;front_log;2010-08-16 11:37:58;825683199711138025;15318619832
153;silver_age;2017-08-02 16:44:41;788917196306306426;17824104424
154;male_rise;2021-03-23 17:25:45;981492198112083511;19921912370
155;thin_safe;2001-04-15 09:27:08;405320196904082837;14768659164
156;other_battle;2009-03-22 06:36:56;532728197406173254;15671705414
157;stock_while;2022-01-06 08:12:48;181836196112168198;13011677155
158;great_march;2013-02-02 16:45:06;898446196505039578;17879417900
159;spiritual_inside;2012-01-23 20:08:03;34014419801204688X;15838843582
160;connect_cabinet;2005-01-31 18:18:37;932585196703211647;15170473203
161;overall_environment;2005-07-31 14:54:02;863780198501145873;18632069908
162;ill_extension;2020-03-25 07:06:05;809862196807117785;13516913091
163;negative_mountain;2020-09-20 00:23:41;158100199804012768;13072170920
164;weak_machine;2006-04-07 02:00:13;30211219710709383X;15143073421
165;external_affair;2013-05-23 17:08:01;585063197904285016;13527246515
166;obvious_recipe;2005-12-01 17:05:50;953590197211259521;17643985678
167;pregnant_confusion;2008-02-16 13:36:18;485251196008163114;15075904383
168;lucky_moment;2011-06-15 09:09:54;406174198711074986;18188225757
169;inevitable_glove;2018-05-24 01:16:48;462692198009054739;17373972306
170;critical_pay;2008-05-28 18:02:39;811727197504181100;13536330774
171;plus_mate;2009-06-01 02:07:05;370384197903212135;17336272891
172;extension_length;2015-06-02 02:01:11;432112197511097436;18038867151
173;ok_beautiful;2021-03-30 08:52:23;297752199309167569;13173356224
174;future_desire;2011-04-02 05:08:30;556708200002227769;17896045012
175;inner_variety;2013-04-11 04:40:26;109492199305287877;17744635154
176;extension_brain;2017-05-02 11:19:39;841315196702014817;17057282406
177;either_thought;2010-04-07 23:55:56;43657019731109191X;13112208664
178;connect_gate;2012-06-14 21:53:52;692941196210137843;13348660770
179;entire_possibility;2003-06-20 09:02:04;336711197301303971;17337973736
180;novel_expert;2010-06-04 11:07:08;77299519840727839X;18889727122
181;worth_safe;2019-05-13 01:19:11;213393196011238495;18174094782
182;bitter_pound;2004-08-11 16:42:37;89832519850718739X;15322670458
183;narrow_significance;2002-06-17 10:20:33;738728198606123283;13369823613
184;medium_district;2008-12-04 19:05:46;814765196506302785;13579635501
185;background_top;2000-01-11 08:39:45;300417198506159008;19926623259
186;large_owner;2014-03-03 21:00:10;45565819631217277X;18528351997
187;game_degree;2000-02-29 09:56:41;394042199403084604;13262218824
188;proof_influence;2008-07-20 23:08:55;602775198910256478;19992229013
189;ideal_cousin;2016-05-03 16:21:08;664802198106272098;15923816684
190;safe_soil;2007-12-26 02:10:15;610723196408135632;13649903431
191;ago_working;2003-03-03 20:15:56;604591199309106853;15964241725
192;political_inflation;2021-03-28 15:07:18;910670199601185571;15130510940
193;fun_user;2012-04-18 04:17:21;696329199001062857;17737610593
194;decent_room;2006-10-18 05:22:47;24806119700822863X;17893721324
195;away_safety;2018-09-18 23:50:19;671736197012294643;15979663890
196;visual_abuse;2021-05-29 17:55:43;419731200005141042;17677755225
197;born_help;2016-06-06 13:51:33;440746197004249227;14717484811
198;own_guitar;2009-12-30 11:17:17;564469197104289102;15279299788
199;hungry_engineer;2002-04-18 05:11:24;741491199710082619;13154366868
200;guilty_inevitable;2020-11-06 08:34:01;96953019970928998X;13143069679
201;express_organization;2008-03-09 20:40:50;324945197812015729;13027999279
202;live_championship;2018-04-20 10:49:48;648904199402048069;13240705088
