AuthorID;AuthorsFollowedBy
951405199501172335;'right_ad'
951405199501172335; 'complex_game'
951405199501172335; 'internal_noise'
951405199501172335; 'pretend_boy'
951405199501172335; 'hungry_dear'
951405199501172335; 'better_log'
951405199501172335; 'better_lesson'
951405199501172335; 'significant_shot'
786906199204277444;'technical_party'
786906199204277444; 'material_slice'
786906199204277444; 'unusual_youth'
786906199204277444; 'more_taste'
786906199204277444; 'this_pitch'
786906199204277444; 'rough_skirt'
786906199204277444; 'realistic_negative'
786906199204277444; 'free_occasion'
843621200010252341;'better_formal'
843621200010252341; 'technical_might'
843621200010252341; 'sharp_feed'
843621200010252341; 'prize_claim'
843621200010252341; 'desperate_winter'
843621200010252341; 'civil_session'
906115196805179868;'sexual_chance'
906115196805179868; 'character_wealth'
906115196805179868; 'ugly_recommendation'
906115196805179868; 'other_most'
906115196805179868; 'embarrassed_guitar'
906115196805179868; 'chemical_winner'
186180198803257297;'left_girlfriend'
186180198803257297; 'positive_special'
186180198803257297; 'suitable_character'
186180198803257297; 'useful_internal'
186180198803257297; 'individual_history'
186180198803257297; 'equivalent_error'
186180198803257297; 'home_engineering'
186180198803257297; 'actual_few'
268438196005088720;'excellent_church'
630755197904109723;'connect_combine'
630755197904109723; 'lonely_boyfriend'
630755197904109723; 'major_environment'
630755197904109723; 'educational_sock'
630755197904109723; 'late_suit'
792232198411283992;'rich_bug'
792232198411283992; 'fair_phone'
792232198411283992; 'various_shake'
792232198411283992; 'objective_meaning'
792232198411283992; 'white_lock'
792232198411283992; 'annual_hell'
792232198411283992; 'available_try'
868565198106173524;'common_cigarette'
868565198106173524; 'salt_end'
868565198106173524; 'rich_bug'
868565198106173524; 'international_exchange'
868565198106173524; 'dark_external'
868565198106173524; 'which_company'
868565198106173524; 'resident_engineering'
868565198106173524; 'environmental_college'
868565198106173524; 'exciting_instance'
868565198106173524; 'select_neat'
897099198707134169;'relevant_clothes'
897099198707134169; 'fine_hide'
897099198707134169; 'another_gather'
897099198707134169; 'false_error'
242665196611014562;'physical_challenge'
242665196611014562; 'full_you'
242665196611014562; 'such_error'
242665196611014562; 'various_user'
242665196611014562; 'exact_hold'
242665196611014562; 'economy_milk'
750371196106109922;'east_dark'
750371196106109922; 'ugly_recommendation'
750371196106109922; 'big_aside'
750371196106109922; 'old_wood'
673325199304087910;'financial_wife'
673325199304087910; 'afternoon_bake'
673325199304087910; 'medium_good'
673325199304087910; 'dependent_creative'
673325199304087910; 'suspicious_age'
673325199304087910; 'true_square'
673325199304087910; 'animal_comment'
673325199304087910; 'motor_till'
525386200012076379;'adult_risk'
525386200012076379; 'capital_hall'
525386200012076379; 'sick_menu'
525386200012076379; 'forward_pool'
525386200012076379; 'comfortable_level'
525386200012076379; 'sad_ball'
525386200012076379; 'sick_mix'
525386200012076379; 'corner_cancer'
525386200012076379; 'opening_morning'
525386200012076379; 'soft_exam'
525386200012076379; 'drunk_health'
102053196407095853;'plenty_inspector'
102053196407095853; 'beautiful_hour'
102053196407095853; 'nasty_spell'
102053196407095853; 'impossible_conversation'
979077198305194074;'sweet_window'
979077198305194074; 'hot_assistance'
979077198305194074; 'inside_mom'
979077198305194074; 'impossible_way'
430528196811215955;'own_guitar'
430528196811215955; 'primary_platform'
466781197210276259;'tall_rise'
466781197210276259; 'opening_solution'
466781197210276259; 'fresh_fish'
466781197210276259; 'solid_map'
466781197210276259; 'general_club'
466781197210276259; 'aggressive_activity'
466781197210276259; 'forward_gather'
466781197210276259; 'remote_noise'
466781197210276259; 'sweet_virus'
466781197210276259; 'secure_pass'
466781197210276259; 'funny_house'
466781197210276259; 'obvious_copy'
720963196710179916;'thick_virus'
720963196710179916; 'quick_sleep'
720963196710179916; 'inner_blood'
720963196710179916; 'confident_go'
973470199406073921;'budget_kind'
973470199406073921; 'nearby_somewhere'
973470199406073921; 'frequent_bird'
973470199406073921; 'firm_bath'
973470199406073921; 'general_mistake'
973470199406073921; 'individual_register'
973470199406073921; 'much_proposal'
973470199406073921; 'think_wife'
647761198512149945;'curious_hunt'
647761198512149945; 'technical_temperature'
51653619691012865X;'corner_bath'
51653619691012865X; 'civil_grab'
51653619691012865X; 'accurate_specific'
51653619691012865X; 'agent_inside'
51653619691012865X; 'chicken_design'
51653619691012865X; 'odd_fat'
51653619691012865X; 'general_maximum'
168804198101096628;'alive_tongue'
168804198101096628; 'competitive_switch'
168804198101096628; 'this_shoot'
168804198101096628; 'terrible_airline'
168804198101096628; 'true_membership'
168804198101096628; 'brief_depth'
993716198710224381;'leather_clothes'
993716198710224381; 'small_active'
993716198710224381; 'sudden_routine'
670688197112212158;'current_mortgage'
670688197112212158; 'clean_reveal'
670688197112212158; 'healthy_coat'
670688197112212158; 'cold_orange'
670688197112212158; 'guilty_arm'
670688197112212158; 'past_worth'
670688197112212158; 'separate_dealer'
670688197112212158; 'similar_person'
670688197112212158; 'front_fishing'
362569199604245726;'equal_wing'
362569199604245726; 'sorry_glove'
362569199604245726; 'global_mouth'
602898197103178640;'temporary_gate'
602898197103178640; 'fine_hide'
602898197103178640; 'special_apartment'
602898197103178640; 'thick_focus'
602898197103178640; 'real_catch'
602898197103178640; 'physical_eye'
272375197607035447;'over_significance'
272375197607035447; 'acceptable_spot'
272375197607035447; 'whole_energy'
272375197607035447; 'real_kitchen'
272375197607035447; 'chance_rich'
272375197607035447; 'rough_sink'
272375197607035447; 'recent_cabinet'
272375197607035447; 'spare_status'
272375197607035447; 'east_silly'
379151200003126420;'decent_bike'
379151200003126420; 'curious_pay'
379151200003126420; 'current_passage'
379151200003126420; 'motor_phrase'
379151200003126420; 'psychological_routine'
379151200003126420; 'fun_national'
379151200003126420; 'weird_sort'
379151200003126420; 'competitive_lock'
379151200003126420; 'head_pride'
379151200003126420; 'purple_midnight'
379151200003126420; 'new_give'
625113198905014081;'educational_job'
625113198905014081; 'political_world'
625113198905014081; 'both_profile'
625113198905014081; 'successful_smile'
625113198905014081; 'less_cup'
625113198905014081; 'this_partner'
625113198905014081; 'sad_strip'
625113198905014081; 'final_return'
625113198905014081; 'straight_excuse'
625113198905014081; 'strong_deep'
625113198905014081; 'terrible_brilliant'
307754199211261872;'lower_courage'
307754199211261872; 'mad_white'
307754199211261872; 'mental_performance'
307754199211261872; 'native_wife'
307754199211261872; 'agent_basket'
307754199211261872; 'novel_hide'
940165197511233996;'downtown_course'
940165197511233996; 'perfect_self'
940165197511233996; 'yellow_mention'
940165197511233996; 'top_permit'
940165197511233996; 'simple_club'
940165197511233996; 'actual_spell'
940165197511233996; 'due_book'
940165197511233996; 'whole_gap'
921843197112288129;'total_lie'
921843197112288129; 'worth_gap'
921843197112288129; 'substantial_active'
921843197112288129; 'primary_platform'
921843197112288129; 'expensive_ambition'
178680196702085682;'minute_consideration'
178680196702085682; 'joint_plastic'
178680196702085682; 'opposite_pitch'
178680196702085682; 'fat_band'
178680196702085682; 'party_opinion'
178680196702085682; 'rough_bunch'
178680196702085682; 'particular_speech'
931277198003106178;'agent_hate'
931277198003106178; 'ok_single'
931277198003106178; 'realistic_quarter'
931277198003106178; 'red_error'
931277198003106178; 'fine_pull'
931277198003106178; 'current_mess'
588155198410157391;'many_quantity'
588155198410157391; 'narrow_independent'
588155198410157391; 'connect_gate'
588155198410157391; 'warm_prize'
588155198410157391; 'emotional_result'
588155198410157391; 'minimum_nothing'
588155198410157391; 'lucky_grand'
464748199402166784;'shot_dimension'
464748199402166784; 'plenty_manager'
464748199402166784; 'equivalent_boy'
464748199402166784; 'mobile_surround'
464748199402166784; 'medium_gate'
464748199402166784; 'opening_morning'
829430197807142660;'routine_door'
829430197807142660; 'powerful_kid'
829430197807142660; 'foreign_manufacturer'
829430197807142660; 'psychological_kick'
829430197807142660; 'mission_art'
829430197807142660; 'internal_high'
829430197807142660; 'healthy_brick'
829430197807142660; 'neither_swing'
829430197807142660; 'substantial_north'
829430197807142660; 'secret_doubt'
829430197807142660; 'unable_beautiful'
829430197807142660; 'perfect_blank'
889055198004118350;'inside_anything'
889055198004118350; 'minute_consideration'
889055198004118350; 'desperate_animal'
889055198004118350; 'last_stranger'
889055198004118350; 'evening_video'
889055198004118350; 'desperate_construction'
889055198004118350; 'unfair_attempt'
694067198406181446;'open_pen'
694067198406181446; 'time_inspector'
694067198406181446; 'waste_mobile'
694067198406181446; 'informal_ruin'
694067198406181446; 'open_figure'
694067198406181446; 'actual_few'
154877196111232324;'these_ground'
154877196111232324; 'senior_offer'
154877196111232324; 'current_camp'
154877196111232324; 'still_invite'
154877196111232324; 'odd_insurance'
154877196111232324; 'severe_heart'
154877196111232324; 'working_county'
154877196111232324; 'mad_sweet'
154877196111232324; 'opening_towel'
660200197302245325;'similar_closet'
660200197302245325; 'wild_heart'
660200197302245325; 'general_manufacturer'
660200197302245325; 'training_league'
660200197302245325; 'formal_appeal'
660200197302245325; 'historical_sensitive'
660200197302245325; 'latter_memory'
660200197302245325; 'relevant_establishment'
660200197302245325; 'proper_mall'
660200197302245325; 'decent_abroad'
660200197302245325; 'yellow_sort'
576601196811222436;'comprehensive_hold'
576601196811222436; 'equal_lead'
576601196811222436; 'worth_basket'
576601196811222436; 'friendly_style'
576601196811222436; 'automatic_help'
576601196811222436; 'nice_economics'
576601196811222436; 'hot_assistance'
576601196811222436; 'happy_analysis'
477094198212144314;'every_lesson'
477094198212144314; 'strong_paint'
477094198212144314; 'mother_track'
477094198212144314; 'immediate_regret'
477094198212144314; 'rare_fishing'
477094198212144314; 'temporary_boot'
477094198212144314; 'winter_brain'
477094198212144314; 'main_hire'
80211019650113248X;'car_quiet'
80211019650113248X; 'mad_politics'
80211019650113248X; 'prior_volume'
80211019650113248X; 'double_reach'
80211019650113248X; 'foreign_park'
80211019650113248X; 'numerous_nature'
409278196309259549;'valuable_fruit'
409278196309259549; 'exact_comfortable'
409278196309259549; 'impressive_stranger'
409278196309259549; 'able_cookie'
409278196309259549; 'administrative_hire'
409278196309259549; 'heavy_singer'
409278196309259549; 'character_track'
409278196309259549; 'accurate_specific'
409278196309259549; 'free_occasion'
409278196309259549; 'various_bath'
409278196309259549; 'prior_application'
409278196309259549; 'glad_bag'
409278196309259549; 'status_member'
409278196309259549; 'unfair_conference'
391575196610249561;'money_man'
391575196610249561; 'big_struggle'
391575196610249561; 'strict_debt'
391575196610249561; 'anxious_leave'
391575196610249561; 'smooth_stable'
391575196610249561; 'cute_shake'
343617196407253885;'original_interest'
343617196407253885; 'capital_movie'
343617196407253885; 'short_strip'
343617196407253885; 'key_industry'
343617196407253885; 'red_concept'
343617196407253885; 'ready_marketing'
343617196407253885; 'working_pollution'
343617196407253885; 'trick_help'
343617196407253885; 'sweet_lie'
343617196407253885; 'famous_presence'
343617196407253885; 'unhappy_put'
343617196407253885; 'quick_whole'
343617196407253885; 'main_notice'
343617196407253885; 'strict_rip'
343617196407253885; 'only_finance'
343617196407253885; 'helpful_box'
343617196407253885; 'terrible_file'
413266197412077343;'remarkable_message'
413266197412077343; 'previous_inflation'
413266197412077343; 'still_unique'
413266197412077343; 'some_advertising'
408655196301028486;'quick_birth'
408655196301028486; 'otherwise_lock'
408655196301028486; 'motor_percentage'
408655196301028486; 'accurate_nasty'
408655196301028486; 'apart_bowl'
408655196301028486; 'nice_split'
408655196301028486; 'correct_lead'
408655196301028486; 'capable_paint'
360969196606287723;'money_quality'
360969196606287723; 'dramatic_ride'
360969196606287723; 'subject_grandmother'
360969196606287723; 'powerful_turn'
360969196606287723; 'spare_age'
360969196606287723; 'financial_command'
360969196606287723; 'safe_department'
360969196606287723; 'acceptable_temperature'
360969196606287723; 'kind_classic'
360969196606287723; 'adult_chicken'
48167019671021429X;'what_subject'
48167019671021429X; 'amazing_keep'
48167019671021429X; 'unfair_direction'
48167019671021429X; 'think_number'
48167019671021429X; 'over_wood'
48167019671021429X; 'basic_internal'
48167019671021429X; 'novel_physics'
48167019671021429X; 'enough_salt'
780254196401116408;'glad_heavy'
780254196401116408; 'square_guess'
780254196401116408; 'creative_bird'
780254196401116408; 'background_sister'
780254196401116408; 'much_police'
780254196401116408; 'necessary_boat'
780254196401116408; 'brave_exchange'
780254196401116408; 'low_community'
542655196203066257;'straight_complex'
542655196203066257; 'glass_calm'
542655196203066257; 'competitive_painting'
542655196203066257; 'hour_pipe'
542655196203066257; 'visual_field'
542655196203066257; 'chance_child'
863623196912053664;'mental_employer'
863623196912053664; 'loose_official'
863623196912053664; 'fair_ear'
863623196912053664; 'open_incident'
141996199507263876;'super_airline'
141996199507263876; 'proof_possible'
141996199507263876; 'hour_appointment'
141996199507263876; 'narrow_independent'
141996199507263876; 'accurate_general'
141996199507263876; 'nervous_garden'
141996199507263876; 'green_emergency'
141996199507263876; 'natural_proof'
898460196403054707;'silly_single'
898460196403054707; 'remarkable_branch'
898460196403054707; 'horror_flight'
898460196403054707; 'poor_day'
898460196403054707; 'home_term'
898460196403054707; 'open_future'
374371199510175450;'hot_text'
374371199510175450; 'good_appearance'
374371199510175450; 'technical_desire'
374371199510175450; 'ill_external'
374371199510175450; 'only_will'
374371199510175450; 'silly_blank'
206579197903205313;'plus_accident'
206579197903205313; 'connect_cabinet'
206579197903205313; 'new_sympathy'
455950196204117998;'hot_product'
455950196204117998; 'red_chemistry'
455950196204117998; 'material_function'
455950196204117998; 'quick_wash'
455950196204117998; 'united_green'
455950196204117998; 'chemical_income'
123862198205305318;'physical_produce'
123862198205305318; 'plenty_success'
123862198205305318; 'status_screen'
123862198205305318; 'recent_politics'
907246196607152737;'historical_aspect'
907246196607152737; 'spare_highlight'
907246196607152737; 'medium_policy'
907246196607152737; 'wrong_procedure'
907246196607152737; 'motor_abuse'
907246196607152737; 'famous_medicine'
270254199311241508;'trick_place'
270254199311241508; 'vegetable_activity'
270254199311241508; 'significant_partner'
270254199311241508; 'express_college'
270254199311241508; 'comfortable_culture'
270254199311241508; 'dirty_interaction'
270254199311241508; 'street_traffic'
270254199311241508; 'wrong_delay'
80489319961225277X;'little_history'
80489319961225277X; 'special_mall'
80489319961225277X; 'weak_profit'
80489319961225277X; 'chicken_obligation'
93578919971015265X;'what_subject'
93578919971015265X; 'fun_finding'
93578919971015265X; 'female_shake'
93578919971015265X; 'eastern_dance'
93578919971015265X; 'dry_son'
93578919971015265X; 'strange_church'
146574197407224998;'loud_silly'
146574197407224998; 'strong_paint'
146574197407224998; 'false_champion'
146574197407224998; 'frequent_throat'
146574197407224998; 'nearby_dust'
146574197407224998; 'constant_pain'
146574197407224998; 'time_extension'
45243319991015454X;'positive_department'
45243319991015454X; 'opposite_bat'
45243319991015454X; 'select_theory'
45243319991015454X; 'strange_passenger'
45243319991015454X; 'opening_towel'
45243319991015454X; 'distinct_refuse'
215584199308177208;'inner_trouble'
215584199308177208; 'full_choice'
215584199308177208; 'neat_charge'
215584199308177208; 'sensitive_roof'
215584199308177208; 'overall_female'
629087198307057172;'sharp_invite'
629087198307057172; 'efficient_tune'
629087198307057172; 'top_night'
629087198307057172; 'agent_pressure'
629087198307057172; 'extreme_potential'
629087198307057172; 'straight_college'
629087198307057172; 'relevant_member'
629087198307057172; 'unable_interview'
23932819901020239X;'direct_challenge'
23932819901020239X; 'critical_sand'
23932819901020239X; 'big_run'
23932819901020239X; 'only_development'
23932819901020239X; 'every_technology'
23932819901020239X; 'busy_football'
842726196002034421;'maximum_reward'
842726196002034421; 'guilty_error'
842726196002034421; 'wooden_you'
842726196002034421; 'less_cup'
842726196002034421; 'automatic_ability'
842726196002034421; 'yellow_chance'
842726196002034421; 'weird_being'
371443197507065988;'brief_floor'
371443197507065988; 'comprehensive_alternative'
371443197507065988; 'due_wish'
371443197507065988; 'routine_video'
371443197507065988; 'long_mixture'
371443197507065988; 'specific_rain'
371443197507065988; 'due_office'
371443197507065988; 'trick_champion'
371443197507065988; 'healthy_unique'
371443197507065988; 'general_book'
371443197507065988; 'mean_signal'
371443197507065988; 'famous_medicine'
527580196902069758;'either_machine'
527580196902069758; 'more_leadership'
527580196902069758; 'working_perspective'
527580196902069758; 'gold_chip'
527580196902069758; 'desperate_reputation'
527580196902069758; 'which_release'
527580196902069758; 'neither_train'
527580196902069758; 'leather_bug'
594747199803285787;'happy_peak'
594747199803285787; 'foreign_park'
594747199803285787; 'last_relation'
594747199803285787; 'general_mistake'
594747199803285787; 'mission_fail'
594747199803285787; 'strict_white'
594747199803285787; 'sorry_society'
406313199607249902;'economy_chemistry'
406313199607249902; 'scared_friendship'
406313199607249902; 'commercial_head'
406313199607249902; 'real_concern'
406313199607249902; 'round_hearing'
406313199607249902; 'negative_comment'
406313199607249902; 'leading_independence'
406313199607249902; 'old_wood'
406313199607249902; 'strange_passenger'
406313199607249902; 'business_cake'
82447919900813240X;'curious_bunch'
82447919900813240X; 'dirty_attempt'
82447919900813240X; 'realistic_negative'
82447919900813240X; 'far_boot'
82447919900813240X; 'public_boyfriend'
575253198205305533;'accurate_search'
575253198205305533; 'expensive_teach'
575253198205305533; 'scared_boot'
575253198205305533; 'competitive_training'
233047198610123444;'impossible_limit'
233047198610123444; 'clear_person'
233047198610123444; 'little_history'
233047198610123444; 'interesting_employment'
233047198610123444; 'waste_switch'
233047198610123444; 'loose_package'
233047198610123444; 'deep_inspector'
233047198610123444; 'some_combine'
233047198610123444; 'impressive_basis'
233047198610123444; 'visual_road'
233047198610123444; 'little_touch'
233047198610123444; 'formal_ball'
233047198610123444; 'busy_opportunity'
119107198608223801;'powerful_kid'
119107198608223801; 'dependent_share'
119107198608223801; 'aggressive_quantity'
119107198608223801; 'key_impression'
119107198608223801; 'work_string'
115096197203197494;'heavy_rule'
115096197203197494; 'warm_substance'
115096197203197494; 'potential_thanks'
115096197203197494; 'live_cover'
115096197203197494; 'aggressive_quantity'
115096197203197494; 'general_mistake'
115096197203197494; 'proper_career'
115096197203197494; 'short_major'
115096197203197494; 'only_glad'
115096197203197494; 'best_inflation'
539199198802079597;'purple_address'
539199198802079597; 'embarrassed_glove'
539199198802079597; 'mother_instance'
539199198802079597; 'royal_opinion'
539199198802079597; 'weird_silly'
539199198802079597; 'kitchen_warning'
539199198802079597; 'plus_mate'
539199198802079597; 'proper_year'
539199198802079597; 'frequent_context'
479129198709141928;'every_lesson'
479129198709141928; 'both_red'
479129198709141928; 'strict_stay'
479129198709141928; 'wise_brother'
479129198709141928; 'appropriate_spot'
479129198709141928; 'best_sample'
479129198709141928; 'famous_indication'
479129198709141928; 'additional_trade'
479129198709141928; 'then_garden'
980492198809103083;'budget_scale'
980492198809103083; 'kitchen_international'
980492198809103083; 'wild_bear'
980492198809103083; 'away_doubt'
980492198809103083; 'shot_midnight'
980492198809103083; 'front_amount'
980492198809103083; 'pleasant_father'
980492198809103083; 'time_bone'
980492198809103083; 'dark_education'
980492198809103083; 'agent_relative'
980492198809103083; 'holiday_priority'
395174198909258264;'pregnant_promotion'
395174198909258264; 'cute_voice'
395174198909258264; 'day_anxiety'
395174198909258264; 'game_degree'
395174198909258264; 'lonely_drama'
395174198909258264; 'critical_district'
395174198909258264; 'mad_suit'
191173196706086945;'apart_pair'
191173196706086945; 'routine_classic'
191173196706086945; 'open_season'
191173196706086945; 'powerful_nasty'
191173196706086945; 'purple_credit'
191173196706086945; 'private_concept'
709356199209202571;'designer_screen'
709356199209202571; 'entire_bit'
709356199209202571; 'mobile_brilliant'
709356199209202571; 'safe_ambition'
709356199209202571; 'first_go'
709356199209202571; 'empty_particular'
709356199209202571; 'known_essay'
709356199209202571; 'better_substance'
709356199209202571; 'another_concept'
188389197202225666;'beginning_access'
188389197202225666; 'few_personal'
188389197202225666; 'soft_mail'
188389197202225666; 'fresh_draw'
188389197202225666; 'latter_rate'
188389197202225666; 'capable_base'
188389197202225666; 'better_basket'
188389197202225666; 'best_death'
188389197202225666; 'quick_extent'
684021199801261087;'similar_closet'
684021199801261087; 'unusual_stand'
684021199801261087; 'sudden_royal'
684021199801261087; 'usual_international'
684021199801261087; 'competitive_switch'
684021199801261087; 'willing_public'
684021199801261087; 'action_fat'
684021199801261087; 'due_object'
684021199801261087; 'what_responsibility'
684021199801261087; 'lucky_video'
684021199801261087; 'other_wealth'
684021199801261087; 'top_grade'
684021199801261087; 'upset_series'
488167198511134131;'top_wall'
488167198511134131; 'round_win'
488167198511134131; 'beginning_mortgage'
488167198511134131; 'empty_wave'
488167198511134131; 'incident_structure'
488167198511134131; 'kitchen_safety'
698076198603165146;'minimum_election'
698076198603165146; 'suspicious_increase'
698076198603165146; 'drunk_queen'
698076198603165146; 'little_event'
698076198603165146; 'after_date'
698076198603165146; 'full_application'
698076198603165146; 'strange_passenger'
698076198603165146; 'mental_fail'
698076198603165146; 'initial_wear'
698076198603165146; 'sure_poet'
648027198810172713;'relevant_growth'
648027198810172713; 'enough_unique'
648027198810172713; 'parking_sugar'
648027198810172713; 'away_preference'
648027198810172713; 'impressive_potato'
648027198810172713; 'ready_poet'
648027198810172713; 'past_bottle'
648027198810172713; 'historical_usual'
648027198810172713; 'numerous_let'
730910197302137374;'visual_machine'
730910197302137374; 'active_resource'
730910197302137374; 'ready_attack'
730910197302137374; 'real_concern'
730910197302137374; 'official_double'
730910197302137374; 'sufficient_hand'
730910197302137374; 'funny_original'
852794196603302274;'certain_remote'
852794196603302274; 'leading_bed'
852794196603302274; 'sweet_calendar'
852794196603302274; 'home_spray'
852794196603302274; 'mission_prior'
852794196603302274; 'dry_rich'
852794196603302274; 'what_copy'
393185199705267865;'sexual_orange'
393185199705267865; 'select_business'
393185199705267865; 'such_hire'
393185199705267865; 'tight_kiss'
393185199705267865; 'secret_stress'
393185199705267865; 'administrative_dog'
393185199705267865; 'independent_touch'
393185199705267865; 'born_attack'
801392198610229620;'minimum_prize'
801392198610229620; 'fine_objective'
801392198610229620; 'willing_politics'
801392198610229620; 'expensive_note'
801392198610229620; 'tough_roof'
801392198610229620; 'direct_living'
801392198610229620; 'smooth_net'
801392198610229620; 'many_county'
801392198610229620; 'particular_bother'
600635198005018877;'training_bad'
600635198005018877; 'slight_preference'
600635198005018877; 'rich_crack'
600635198005018877; 'tiny_attempt'
600635198005018877; 'wide_sky'
600635198005018877; 'slow_communication'
600635198005018877; 'able_sad'
600635198005018877; 'lower_raise'
223336199404182996;'false_remove'
223336199404182996; 'brilliant_move'
223336199404182996; 'huge_title'
223336199404182996; 'famous_original'
223336199404182996; 'clear_conflict'
223336199404182996; 'signal_possession'
223336199404182996; 'past_bottle'
893441198211046329;'live_quiet'
893441198211046329; 'proper_advertising'
893441198211046329; 'tough_elevator'
893441198211046329; 'initial_policy'
798567197907046509;'choice_knee'
798567197907046509; 'beginning_distribution'
798567197907046509; 'which_corner'
798567197907046509; 'foreign_death'
798567197907046509; 'ill_hour'
798567197907046509; 'desperate_source'
276133198501248106;'pleasant_emotion'
276133198501248106; 'nearby_mom'
276133198501248106; 'electronic_phrase'
276133198501248106; 'good_neat'
276133198501248106; 'royal_pay'
516429198003148569;'used_mall'
516429198003148569; 'real_notice'
516429198003148569; 'salt_ear'
516429198003148569; 'over_exercise'
516429198003148569; 'funny_file'
223293198809187493;'last_most'
223293198809187493; 'common_gap'
223293198809187493; 'temporary_network'
223293198809187493; 'little_listen'
223293198809187493; 'international_post'
223293198809187493; 'present_possible'
223293198809187493; 'efficient_gather'
223293198809187493; 'strict_quality'
223293198809187493; 'even_pack'
223293198809187493; 'fine_burn'
223293198809187493; 'aggressive_setting'
557294196704206341;'expert_cross'
557294196704206341; 'dead_soup'
557294196704206341; 'exciting_training'
557294196704206341; 'accurate_team'
557294196704206341; 'cool_tear'
557294196704206341; 'open_incident'
557294196704206341; 'hour_peak'
557294196704206341; 'responsible_question'
557294196704206341; 'large_owner'
557294196704206341; 'joint_half'
143229196403126404;'action_final'
143229196403126404; 'alone_handle'
143229196403126404; 'chance_face'
143229196403126404; 'slow_paper'
143229196403126404; 'each_cry'
143229196403126404; 'then_company'
143229196403126404; 'dark_education'
143229196403126404; 'useful_session'
35087719850403230X;'unfair_click'
35087719850403230X; 'spare_highlight'
35087719850403230X; 'important_blame'
35087719850403230X; 'rich_disaster'
35087719850403230X; 'kitchen_safety'
299202198506255548;'sick_mention'
299202198506255548; 'equivalent_maybe'
299202198506255548; 'logical_order'
299202198506255548; 'financial_loss'
299202198506255548; 'official_woman'
299202198506255548; 'designer_job'
101688199304255039;'large_upper'
101688199304255039; 'private_classic'
101688199304255039; 'savings_order'
101688199304255039; 'unique_student'
496079199804269472;'apart_relation'
496079199804269472; 'medium_policy'
496079199804269472; 'stock_summer'
496079199804269472; 'complete_revolution'
496079199804269472; 'powerful_hearing'
496079199804269472; 'brief_significance'
496079199804269472; 'physical_address'
496079199804269472; 'minor_surprise'
496079199804269472; 'impossible_comparison'
496079199804269472; 'cold_pin'
496079199804269472; 'technical_exercise'
496079199804269472; 'front_fishing'
385492198708176171;'soft_bench'
385492198708176171; 'formal_kitchen'
385492198708176171; 'salt_cancer'
385492198708176171; 'many_appointment'
385492198708176171; 'agent_sign'
203631197008021324;'civil_divide'
203631197008021324; 'flat_customer'
203631197008021324; 'relevant_credit'
203631197008021324; 'front_golf'
203631197008021324; 'external_gap'
203631197008021324; 'least_vegetable'
203631197008021324; 'trick_help'
203631197008021324; 'used_pass'
203631197008021324; 'kind_hello'
178324197010177102;'home_go'
178324197010177102; 'any_top'
178324197010177102; 'designer_equivalent'
178324197010177102; 'certain_smile'
178324197010177102; 'street_pause'
178324197010177102; 'commercial_response'
335793199911258437;'immediate_mark'
335793199911258437; 'choice_special'
335793199911258437; 'loud_sex'
335793199911258437; 'electrical_mom'
335793199911258437; 'money_importance'
335793199911258437; 'local_fun'
55747119610611278X;'asleep_star'
55747119610611278X; 'white_taste'
55747119610611278X; 'emotional_pound'
55747119610611278X; 'angry_drama'
55747119610611278X; 'own_improvement'
634719196901204585;'willing_fact'
634719196901204585; 'expensive_counter'
634719196901204585; 'angry_representative'
634719196901204585; 'downtown_bicycle'
634719196901204585; 'wonderful_function'
214166198007193917;'ideal_bridge'
214166198007193917; 'key_impression'
214166198007193917; 'parking_metal'
214166198007193917; 'whole_walk'
214166198007193917; 'only_development'
214166198007193917; 'asleep_size'
19939519990604378X;'commercial_tea'
19939519990604378X; 'open_season'
19939519990604378X; 'chemical_process'
19939519990604378X; 'fun_group'
19939519990604378X; 'hungry_target'
748332196005097791;'global_single'
748332196005097791; 'kind_classic'
208156196202016879;'emergency_door'
208156196202016879; 'hard_simple'
208156196202016879; 'open_version'
208156196202016879; 'political_growth'
208156196202016879; 'old_wood'
208156196202016879; 'neither_mate'
208156196202016879; 'shot_pound'
208156196202016879; 'specialist_pull'
283435199611087406;'typical_mud'
283435199611087406; 'legal_perception'
283435199611087406; 'unique_solution'
283435199611087406; 'ordinary_essay'
283435199611087406; 'frequent_escape'
283435199611087406; 'fast_script'
283435199611087406; 'salt_alternative'
283435199611087406; 'smart_spread'
283435199611087406; 'distinct_motor'
651371197805259585;'healthy_brown'
651371197805259585; 'dramatic_log'
651371197805259585; 'representative_sleep'
651371197805259585; 'chance_face'
651371197805259585; 'administrative_library'
651371197805259585; 'lower_relief'
651371197805259585; 'flat_net'
651371197805259585; 'acceptable_owner'
651371197805259585; 'mountain_hello'
651371197805259585; 'whole_kind'
186917200003206490;'equal_wing'
186917200003206490; 'financial_spend'
186917200003206490; 'proper_prize'
186917200003206490; 'reasonable_general'
186917200003206490; 'active_gas'
186917200003206490; 'maximum_preference'
186917200003206490; 'external_silver'
186917200003206490; 'illegal_worker'
186917200003206490; 'technical_bother'
186917200003206490; 'top_purpose'
575839196301057206;'pleasant_door'
575839196301057206; 'sensitive_consist'
575839196301057206; 'tough_face'
575839196301057206; 'eastern_record'
575839196301057206; 'afternoon_question'
575839196301057206; 'hot_excuse'
756354199105261108;'dear_pizza'
756354199105261108; 'inner_blood'
756354199105261108; 'cultural_entrance'
756354199105261108; 'own_fishing'
756354199105261108; 'frequent_move'
756354199105261108; 'extreme_lie'
756354199105261108; 'long_change'
643761198501281146;'efficient_extent'
643761198501281146; 'aggressive_quantity'
643761198501281146; 'according_keep'
643761198501281146; 'round_issue'
643761198501281146; 'think_video'
643761198501281146; 'narrow_significance'
643761198501281146; 'safe_tax'
643761198501281146; 'native_truth'
643761198501281146; 'famous_medicine'
643761198501281146; 'accurate_winner'
159199198302103684;'comprehensive_alternative'
159199198302103684; 'efficient_nobody'
159199198302103684; 'thick_situation'
159199198302103684; 'old_sale'
159199198302103684; 'short_arm'
159199198302103684; 'little_sink'
159199198302103684; 'other_burn'
159199198302103684; 'alternative_style'
159199198302103684; 'complex_set'
159199198302103684; 'scared_tank'
906506196504256087;'upper_temporary'
906506196504256087; 'which_permit'
906506196504256087; 'only_plan'
906506196504256087; 'pregnant_share'
906506196504256087; 'existing_debt'
906506196504256087; 'mountain_cap'
906506196504256087; 'natural_property'
906506196504256087; 'basic_land'
906506196504256087; 'game_personal'
906506196504256087; 'living_bit'
906506196504256087; 'weird_star'
906506196504256087; 'used_shelter'
230419199903115569;'cheap_patience'
230419199903115569; 'external_prompt'
230419199903115569; 'complex_detail'
230419199903115569; 'more_meat'
230419199903115569; 'training_quantity'
230419199903115569; 'equivalent_cash'
725944199110059995;'royal_classic'
725944199110059995; 'minute_low'
725944199110059995; 'reasonable_resist'
725944199110059995; 'poor_road'
725944199110059995; 'wild_dance'
960446198704268322;'express_permit'
960446198704268322; 'general_instance'
960446198704268322; 'minute_claim'
960446198704268322; 'inside_pitch'
960446198704268322; 'left_charity'
960446198704268322; 'holiday_challenge'
960446198704268322; 'primary_minute'
960446198704268322; 'several_alcohol'
337117199308162900;'financial_loss'
337117199308162900; 'tall_assumption'
337117199308162900; 'patient_dust'
269348198705181026;'top_party'
269348198705181026; 'emotional_closet'
269348198705181026; 'angry_math'
269348198705181026; 'upper_picture'
269348198705181026; 'straight_principle'
269348198705181026; 'false_error'
269348198705181026; 'downtown_boot'
342582198408089351;'rough_bite'
342582198408089351; 'which_failure'
342582198408089351; 'wooden_psychology'
342582198408089351; 'weird_attempt'
342582198408089351; 'much_proposal'
342582198408089351; 'fine_disaster'
933269197506186736;'tough_judgment'
933269197506186736; 'horror_flight'
933269197506186736; 'scared_ease'
933269197506186736; 'pretend_boy'
933269197506186736; 'helpful_phone'
933269197506186736; 'visual_feed'
933269197506186736; 'final_regret'
568029196102215296;'significant_calendar'
568029196102215296; 'environmental_matter'
568029196102215296; 'mad_suit'
568029196102215296; 'funny_original'
377410197907118338;'vegetable_song'
377410197907118338; 'rough_resource'
377410197907118338; 'big_drawer'
377410197907118338; 'empty_cancer'
377410197907118338; 'more_body'
377410197907118338; 'vegetable_dog'
219609198007302655;'joint_youth'
219609198007302655; 'fine_objective'
219609198007302655; 'dry_permit'
219609198007302655; 'administrative_library'
219609198007302655; 'complete_kill'
219609198007302655; 'medium_contribution'
219609198007302655; 'work_string'
219609198007302655; 'still_valuable'
219609198007302655; 'famous_expert'
341750199402102096;'main_garage'
341750199402102096; 'subject_till'
341750199402102096; 'both_welcome'
341750199402102096; 'these_support'
341750199402102096; 'historical_sensitive'
341750199402102096; 'substantial_fun'
341750199402102096; 'incident_bus'
374246199510104140;'lonely_shake'
374246199510104140; 'visual_native'
374246199510104140; 'ugly_give'
374246199510104140; 'angry_clue'
374246199510104140; 'middle_love'
823389197301061994;'future_divide'
823389197301061994; 'left_girlfriend'
823389197301061994; 'historical_chest'
823389197301061994; 'careful_reception'
823389197301061994; 'action_news'
823389197301061994; 'primary_platform'
823389197301061994; 'leading_go'
823389197301061994; 'fine_kind'
917905199709109285;'trick_place'
917905199709109285; 'choice_assumption'
917905199709109285; 'common_spend'
917905199709109285; 'future_call'
917905199709109285; 'complete_song'
917905199709109285; 'gross_negotiation'
917905199709109285; 'secure_post'
478685200003228922;'remote_cup'
478685200003228922; 'material_farmer'
478685200003228922; 'all_category'
478685200003228922; 'late_husband'
478685200003228922; 'public_block'
478685200003228922; 'different_analyst'
412497198812028021;'similar_introduction'
412497198812028021; 'medium_brain'
412497198812028021; 'complex_original'
412497198812028021; 'proper_possibility'
412497198812028021; 'silver_money'
412497198812028021; 'cute_winner'
412497198812028021; 'what_string'
412497198812028021; 'certain_pop'
412497198812028021; 'historical_alcohol'
412497198812028021; 'numerous_radio'
412497198812028021; 'ill_external'
412497198812028021; 'wide_police'
485075197607022836;'loose_official'
485075197607022836; 'much_stroke'
485075197607022836; 'political_earth'
485075197607022836; 'difficult_order'
485075197607022836; 'western_line'
485075197607022836; 'enough_pot'
485075197607022836; 'joint_dance'
485075197607022836; 'technical_shot'
485075197607022836; 'chemical_income'
942879198208131754;'due_wish'
942879198208131754; 'less_tale'
942879198208131754; 'beginning_arrival'
942879198208131754; 'medium_flower'
942879198208131754; 'realistic_negative'
942879198208131754; 'soft_bench'
942879198208131754; 'think_line'
942879198208131754; 'opening_you'
942879198208131754; 'soft_fortune'
942879198208131754; 'extension_sentence'
942879198208131754; 'willing_basket'
468228199107041103;'similar_closet'
468228199107041103; 'raw_bar'
468228199107041103; 'little_history'
468228199107041103; 'grand_service'
468228199107041103; 'amazing_struggle'
468228199107041103; 'previous_neat'
768104199702137251;'known_hello'
768104199702137251; 'distinct_salad'
768104199702137251; 'long_mixture'
768104199702137251; 'positive_glove'
768104199702137251; 'individual_art'
768104199702137251; 'scared_commercial'
768104199702137251; 'dear_background'
640185199708125378;'natural_association'
640185199708125378; 'asleep_jury'
640185199708125378; 'angry_representative'
640185199708125378; 'this_minute'
640185199708125378; 'slow_pizza'
260535197006219538;'dependent_way'
260535197006219538; 'pretty_mud'
260535197006219538; 'proper_benefit'
260535197006219538; 'proof_bake'
260535197006219538; 'away_brief'
260535197006219538; 'still_unique'
807298197609184596;'that_salad'
807298197609184596; 'massive_accident'
807298197609184596; 'firm_strike'
807298197609184596; 'familiar_whole'
807298197609184596; 'valuable_philosophy'
807298197609184596; 'clear_smell'
807298197609184596; 'pregnant_profit'
807298197609184596; 'lost_explanation'
807298197609184596; 'political_opposite'
807298197609184596; 'grand_priority'
807298197609184596; 'able_nasty'
187914198312267459;'reasonable_efficiency'
187914198312267459; 'impressive_laugh'
187914198312267459; 'raw_fruit'
187914198312267459; 'general_responsibility'
187914198312267459; 'direct_cloud'
187914198312267459; 'hard_success'
187914198312267459; 'still_unique'
187914198312267459; 'only_finance'
187914198312267459; 'thin_highway'
194016197906131303;'straight_cap'
194016197906131303; 'calm_hold'
194016197906131303; 'potential_repair'
194016197906131303; 'powerful_claim'
194016197906131303; 'adult_conclusion'
194016197906131303; 'most_tension'
689141197012223922;'both_layer'
689141197012223922; 'late_sea'
689141197012223922; 'inner_trouble'
689141197012223922; 'quick_sister'
689141197012223922; 'real_worth'
689141197012223922; 'silly_disease'
689141197012223922; 'leading_platform'
689141197012223922; 'quick_dog'
689141197012223922; 'fine_process'
689141197012223922; 'odd_number'
689141197012223922; 'basic_pollution'
825683199711138025;'willing_fact'
825683199711138025; 'realistic_paper'
825683199711138025; 'leather_media'
825683199711138025; 'busy_director'
788917196306306426;'upper_routine'
788917196306306426; 'inevitable_attitude'
788917196306306426; 'aggressive_activity'
788917196306306426; 'slight_parent'
788917196306306426; 'novel_industry'
788917196306306426; 'apart_condition'
788917196306306426; 'opening_towel'
981492198112083511;'old_low'
981492198112083511; 'entire_disease'
981492198112083511; 'short_opposite'
981492198112083511; 'airline_lunch'
981492198112083511; 'asleep_internet'
981492198112083511; 'proper_garden'
981492198112083511; 'mental_dream'
981492198112083511; 'evening_buyer'
981492198112083511; 'previous_neat'
405320196904082837;'initial_anger'
405320196904082837; 'material_slice'
405320196904082837; 'temporary_other'
405320196904082837; 'glad_word'
405320196904082837; 'routine_video'
405320196904082837; 'beginning_contribution'
405320196904082837; 'much_stroke'
405320196904082837; 'private_bake'
405320196904082837; 'inevitable_independent'
405320196904082837; 'fast_gather'
405320196904082837; 'major_refuse'
532728197406173254;'perfect_fall'
181836196112168198;'nearby_risk'
181836196112168198; 'political_request'
181836196112168198; 'correct_beyond'
181836196112168198; 'alone_read'
181836196112168198; 'natural_music'
181836196112168198; 'weak_neck'
181836196112168198; 'negative_scene'
181836196112168198; 'status_marketing'
898446196505039578;'educational_inevitable'
898446196505039578; 'sure_economy'
898446196505039578; 'odd_variation'
898446196505039578; 'few_possession'
898446196505039578; 'fat_tomorrow'
898446196505039578; 'airline_dinner'
34014419801204688X;'apart_relation'
34014419801204688X; 'just_play'
34014419801204688X; 'material_dump'
34014419801204688X; 'significant_extension'
34014419801204688X; 'proof_forever'
34014419801204688X; 'other_most'
34014419801204688X; 'educational_raw'
34014419801204688X; 'stupid_till'
34014419801204688X; 'brilliant_bathroom'
932585196703211647;'due_miss'
932585196703211647; 'agent_nerve'
932585196703211647; 'internal_work'
863780198501145873;'federal_club'
863780198501145873; 'frequent_revenue'
863780198501145873; 'royal_plant'
863780198501145873; 'confident_thing'
863780198501145873; 'choice_special'
863780198501145873; 'empty_engineer'
863780198501145873; 'international_web'
863780198501145873; 'narrow_basket'
809862196807117785;'nearby_somewhere'
809862196807117785; 'such_view'
809862196807117785; 'ok_capital'
809862196807117785; 'tiny_working'
809862196807117785; 'aware_trip'
809862196807117785; 'wonderful_investment'
809862196807117785; 'informal_tower'
809862196807117785; 'curious_comment'
158100199804012768;'environmental_dig'
158100199804012768; 'adult_maximum'
158100199804012768; 'these_support'
158100199804012768; 'every_attention'
158100199804012768; 'neither_train'
158100199804012768; 'then_district'
158100199804012768; 'upstairs_summer'
158100199804012768; 'master_storm'
158100199804012768; 'unique_royal'
158100199804012768; 'designer_direction'
158100199804012768; 'southern_river'
30211219710709383X;'necessary_clock'
30211219710709383X; 'external_communication'
30211219710709383X; 'open_interest'
30211219710709383X; 'natural_hurt'
30211219710709383X; 'then_lady'
30211219710709383X; 'sweet_floor'
30211219710709383X; 'several_tale'
585063197904285016;'chance_machine'
585063197904285016; 'objective_lock'
585063197904285016; 'narrow_roof'
585063197904285016; 'vegetable_presence'
585063197904285016; 'dangerous_coach'
585063197904285016; 'tiny_attempt'
585063197904285016; 'flat_painting'
585063197904285016; 'better_feeling'
585063197904285016; 'pleasant_emotion'
585063197904285016; 'ready_knee'
585063197904285016; 'routine_race'
585063197904285016; 'calm_dead'
953590197211259521;'terrible_variation'
953590197211259521; 'public_database'
953590197211259521; 'unhappy_independence'
953590197211259521; 'smooth_cup'
953590197211259521; 'extra_still'
953590197211259521; 'royal_rush'
485251196008163114;'future_divide'
485251196008163114; 'slow_climate'
485251196008163114; 'designer_housing'
485251196008163114; 'dry_chip'
485251196008163114; 'sad_ball'
485251196008163114; 'narrow_significance'
485251196008163114; 'nearby_dust'
485251196008163114; 'nice_finance'
485251196008163114; 'round_unique'
406174198711074986;'expensive_counter'
406174198711074986; 'silver_appeal'
406174198711074986; 'top_wall'
406174198711074986; 'every_lesson'
406174198711074986; 'which_sky'
406174198711074986; 'spare_private'
406174198711074986; 'think_ear'
406174198711074986; 'competitive_desk'
406174198711074986; 'game_personal'
406174198711074986; 'kitchen_jump'
406174198711074986; 'whole_dependent'
406174198711074986; 'east_poet'
462692198009054739;'accurate_pitch'
462692198009054739; 'current_hour'
462692198009054739; 'period_distribution'
462692198009054739; 'appropriate_storage'
462692198009054739; 'initial_credit'
462692198009054739; 'tiny_man'
462692198009054739; 'junior_motor'
811727197504181100;'particular_exchange'
811727197504181100; 'certain_spot'
811727197504181100; 'pure_march'
811727197504181100; 'useful_session'
811727197504181100; 'salt_joke'
370384197903212135;'less_management'
370384197903212135; 'born_character'
370384197903212135; 'powerful_nasty'
370384197903212135; 'forward_shake'
370384197903212135; 'commercial_presentation'
432112197511097436;'ago_conversation'
432112197511097436; 'legal_physical'
432112197511097436; 'suspicious_focus'
432112197511097436; 'consistent_peak'
432112197511097436; 'pure_role'
432112197511097436; 'available_air'
432112197511097436; 'pleasant_consideration'
432112197511097436; 'consistent_reputation'
432112197511097436; 'alive_revenue'
432112197511097436; 'main_specialist'
297752199309167569;'decent_access'
297752199309167569; 'day_catch'
556708200002227769;'status_round'
556708200002227769; 'pure_put'
556708200002227769; 'spare_imagination'
556708200002227769; 'serious_hat'
556708200002227769; 'independent_pair'
556708200002227769; 'private_classic'
556708200002227769; 'visible_assignment'
556708200002227769; 'visual_love'
109492199305287877;'psychological_tone'
109492199305287877; 'business_green'
109492199305287877; 'think_sink'
109492199305287877; 'much_stroke'
109492199305287877; 'equivalent_sail'
109492199305287877; 'electrical_constant'
841315196702014817;'emotional_bar'
841315196702014817; 'better_ground'
841315196702014817; 'familiar_schedule'
841315196702014817; 'federal_requirement'
841315196702014817; 'fresh_hide'
841315196702014817; 'better_lesson'
841315196702014817; 'dear_bat'
43657019731109191X;'top_divide'
43657019731109191X; 'physical_wedding'
43657019731109191X; 'money_grocery'
43657019731109191X; 'any_top'
43657019731109191X; 'some_combine'
43657019731109191X; 'extreme_potential'
43657019731109191X; 'unfair_assistant'
43657019731109191X; 'pretty_shot'
43657019731109191X; 'lucky_doctor'
692941196210137843;'rich_resort'
692941196210137843; 'prior_volume'
692941196210137843; 'entire_bit'
692941196210137843; 'commercial_response'
692941196210137843; 'effective_oven'
336711197301303971;'total_whole'
336711197301303971; 'poor_search'
336711197301303971; 'suitable_dot'
336711197301303971; 'true_beautiful'
336711197301303971; 'key_subject'
336711197301303971; 'savings_quiet'
336711197301303971; 'agent_sign'
77299519840727839X;'scared_sell'
77299519840727839X; 'soft_account'
77299519840727839X; 'dress_stick'
77299519840727839X; 'standard_fly'
77299519840727839X; 'federal_piano'
77299519840727839X; 'hard_success'
77299519840727839X; 'anxious_historian'
77299519840727839X; 'used_celebration'
77299519840727839X; 'chance_swim'
213393196011238495;'neat_patient'
213393196011238495; 'few_speaker'
213393196011238495; 'fat_answer'
213393196011238495; 'round_unique'
89832519850718739X;'middle_rain'
89832519850718739X; 'animal_point'
89832519850718739X; 'heavy_fee'
89832519850718739X; 'funny_laugh'
89832519850718739X; 'distinct_final'
89832519850718739X; 'simple_opening'
738728198606123283;'desperate_animal'
738728198606123283; 'tough_man'
738728198606123283; 'main_tension'
738728198606123283; 'think_fortune'
738728198606123283; 'car_volume'
738728198606123283; 'professional_water'
738728198606123283; 'known_difficulty'
738728198606123283; 'lonely_committee'
738728198606123283; 'kitchen_safety'
738728198606123283; 'silver_goal'
738728198606123283; 'work_string'
814765196506302785;'confident_disaster'
814765196506302785; 'nearby_cheek'
814765196506302785; 'sick_edge'
814765196506302785; 'general_club'
814765196506302785; 'annual_principle'
814765196506302785; 'time_extension'
300417198506159008;'quick_sister'
300417198506159008; 'private_alarm'
300417198506159008; 'material_sentence'
300417198506159008; 'top_quiet'
300417198506159008; 'proper_garden'
300417198506159008; 'mental_dream'
300417198506159008; 'mobile_sport'
300417198506159008; 'pretty_shot'
300417198506159008; 'late_husband'
45565819631217277X;'useful_pin'
45565819631217277X; 'aware_freedom'
45565819631217277X; 'close_uncle'
45565819631217277X; 'realistic_negative'
45565819631217277X; 'entire_information'
45565819631217277X; 'live_championship'
45565819631217277X; 'sad_situation'
45565819631217277X; 'commercial_presentation'
45565819631217277X; 'suitable_due'
394042199403084604;'right_time'
394042199403084604; 'either_thought'
394042199403084604; 'prior_expert'
394042199403084604; 'glad_word'
394042199403084604; 'beginning_arrival'
394042199403084604; 'latter_challenge'
394042199403084604; 'federal_spring'
394042199403084604; 'secret_bicycle'
394042199403084604; 'physical_shop'
602775198910256478;'pretend_baby'
602775198910256478; 'potential_thanks'
602775198910256478; 'some_roll'
602775198910256478; 'gross_step'
602775198910256478; 'remarkable_bridge'
602775198910256478; 'chicken_responsibility'
602775198910256478; 'professional_clothes'
664802198106272098;'simple_association'
664802198106272098; 'impressive_stranger'
664802198106272098; 'valuable_part'
664802198106272098; 'proper_seat'
664802198106272098; 'ok_sister'
664802198106272098; 'expert_young'
664802198106272098; 'large_chapter'
610723196408135632;'green_kick'
610723196408135632; 'choice_membership'
610723196408135632; 'dead_activity'
610723196408135632; 'content_cookie'
610723196408135632; 'additional_chest'
610723196408135632; 'equal_attempt'
604591199309106853;'historical_estate'
604591199309106853; 'complex_media'
604591199309106853; 'classic_area'
604591199309106853; 'lucky_order'
604591199309106853; 'mental_performance'
604591199309106853; 'mobile_surround'
910670199601185571;'administrative_stomach'
910670199601185571; 'simple_club'
910670199601185571; 'mobile_click'
910670199601185571; 'horror_security'
910670199601185571; 'downtown_birthday'
910670199601185571; 'red_audience'
910670199601185571; 'nervous_garden'
696329199001062857;'sure_weird'
696329199001062857; 'fresh_virus'
696329199001062857; 'unusual_score'
696329199001062857; 'scared_boot'
696329199001062857; 'political_earth'
696329199001062857; 'yellow_gain'
696329199001062857; 'yellow_name'
696329199001062857; 'nervous_fill'
696329199001062857; 'emotional_drink'
696329199001062857; 'inevitable_cry'
24806119700822863X;'emotional_closet'
24806119700822863X; 'embarrassed_boat'
24806119700822863X; 'shot_policy'
24806119700822863X; 'white_crazy'
24806119700822863X; 'mountain_thanks'
671736197012294643;'practical_weird'
671736197012294643; 'human_cloud'
671736197012294643; 'powerful_claim'
671736197012294643; 'equal_profile'
671736197012294643; 'nervous_dump'
671736197012294643; 'silly_disease'
671736197012294643; 'annual_orange'
671736197012294643; 'home_mud'
671736197012294643; 'winter_commercial'
671736197012294643; 'appropriate_feature'
671736197012294643; 'historical_usual'
419731200005141042;'strange_media'
419731200005141042; 'empty_object'
419731200005141042; 'vegetable_chance'
419731200005141042; 'quick_queen'
419731200005141042; 'fun_tough'
419731200005141042; 'what_judge'
419731200005141042; 'severe_mention'
419731200005141042; 'hour_a'
440746197004249227;'double_exchange'
440746197004249227; 'illegal_struggle'
440746197004249227; 'dry_join'
440746197004249227; 'quick_other'
564469197104289102;'purple_address'
564469197104289102; 'dark_resist'
564469197104289102; 'visible_escape'
564469197104289102; 'wild_program'
564469197104289102; 'incident_combine'
564469197104289102; 'high_earth'
564469197104289102; 'purple_importance'
564469197104289102; 'embarrassed_song'
741491199710082619;'brief_floor'
741491199710082619; 'enough_male'
741491199710082619; 'extreme_lie'
741491199710082619; 'party_philosophy'
96953019970928998X;'positive_eye'
96953019970928998X; 'national_upper'
324945197812015729;'false_pain'
324945197812015729; 'close_enthusiasm'
324945197812015729; 'winter_chart'
324945197812015729; 'entire_judge'
324945197812015729; 'anxious_sky'
324945197812015729; 'glass_site'
324945197812015729; 'hard_bank'
648904199402048069;'active_expert'
648904199402048069; 'specific_shape'
648904199402048069; 'new_revenue'
648904199402048069; 'evening_spot'
